id;name;creation_date;cod_proposal
1;Carro;2022-07-10T03:38:31;Dong
2;Prairie;2022-07-09T11:42:05;payment copying Aruba
3;Checking;2022-07-09T16:26:27;methodical
4;índigo sensor;2022-07-09T07:57:25;Well deposit Switchable
5;high-level Congelado Applications;2022-07-10T05:53:22;Bacon Platinum
6;Sem Investment California;2022-07-09T11:52:30;dynamic
7;system deliverables;2022-07-10T03:28:53;grow mission-critical
8;Administrator Indian bypassing;2022-07-10T00:46:17;tertiary Bedfordshire Forward
9;Dollar Hawaii bypassing;2022-07-09T21:44:02;Automóveis Customer Teclado
10;Designer XSS PNG;2022-07-09T14:39:42;invoice
